id,name
6C4yW0laVEgB7zLIYTmi4D,german soundtrack
1U5ppQl8yokd9FcfRkHJed,soundtrack
2BjrPetGeyAJQmKSKTqCeg,video game music
2aqsevyoHcDqBprmsJhjaN,orchestral soundtrack
7fiNQbFxDFeRYUONDMV1zC,scorecore
3tSrCDfYd1QObfIGtPQhM9,progressive rock
418XnO0cHLR1ZXyKIaddHJ,contemporary r&b
2RBIISV5Cp2gFT0O9QufJP,alternative metal
7wD13GCARDBaIWzBHshJ4K,underground hip hop
0DpXHxS8ASOi40rbwUdtKH,political hip hop
2Llvbp8D1b3rKYVJvANWdL,mellow gold
1jnEWaOasIloIAoC0asKNS,lounge
1kbgm3GvaJmvSeMK7rfHvc,sleaze rock
1BLAtWd4UcTp0A5skNuKkh,conscious hip hop
26FZxoD7BGj1KR8ozbyfIb,late romantic era
5aQbuqeLkbKlcji17bH6dz,rock-and-roll
6Mwf1j7Xu6iifxC74mW8Y8,cuarteto
7rkO4uBpWKcjuVpXbRbxKg,singer-songwriter
4VjTtDISbtFLGWUY1cf6kI,norwegian classical
7k7EB2BTOScLjEW4fIINRm,minneapolis sound
2DeB5ustOBFC4nhYU7Ga9J,nwobhm
2DsiSaEdzXQnSN8IsbWlCI,german rock
5FXlF4HnVM9XgGkkjuiAe4,dance rock
09bfJFHUgIDnd5ULCJygeM,southern rock
6bKoKp5EIh9emqaRDyYxrN,candy pop
2PLWqyYTB91sxabFhef9Tq,movie tunes
27dWMslBCUCcc3A4h55cVU,english baroque
1q6fuajmaLZ7Lf7kpJLKwj,east coast hip hop
6Z199kuGSVXBJnOtd7TYWy,anime latino
1i3iauknyzr2b49Zi5MjNJ,british modern classical
2MVf0YWtauptJ491Ki2Vzk,australian pop
4pOTobjF4QlfUk5Ru7Ogmg,contemporary jazz
4BP4uLFVmOLRUAXds8uakY,cumbia villera
4vJ3z6QiO6RHR8iFIv8XQN,deep jazz fusion
0Xie9aONxBer6wNNnVn6FC,australian dance
2R8Mu6Yj3gwAWJl01jpHiC,new jack swing
2qlrGNa8qJ6ldNYYkunZRP,big room
027eF9zF1wiPF6qqlIxfwR,permanent wave
41nXb8RhzcpLbMYdNCXpO5,italian baroque
3qeEWFP5G0KXAPecTG8xKU,quiet storm
76Z7mZS72ySi1ELtZ3P1e3,bouzouki
3hoftyFHCNXIhxkAsYAkLV,dance pop
15QSMm20nzlQLaDSjalRFx,broadway
5lGKfafVo6GsWRKGdz9uaj,north carolina roots
1ezq2BZlbYXickQ0TrLHtp,lgbtq+ hip hop
6oR23V06cNwe1zbkW5tsSh,punk
1NxQtZpZZqJd55ffGXJBtP,latin rock
7conZnR4wCUUva8T6eryab,reggae
5vlvmJbu1pjKgGEYBxhLUf,nu metal
2J7YMmQS5T4pNPjvXtFrxl,philly rap
6SvHAmLXVe3ZUrBSqyhRuy,bandoneon
3HESS1YhLcvhebsnUu6vdt,black americana
18wYAmTTZPOwjKymTnPnSY,soft rock
26QCADhNPXxPZQPXSjHNQY,eastern bloc groove
11uv2gRwmCnBYRuFJD5Vw3,vocal jazz
3taZgxYXvxcjSxlYrwinuI,children's music
5r9IhfEgkYlJA1Wu2otfZx,jazz trio
3LHer50jKDYQe7HPhWDnnS,dream smp
3nw3x8cFJCkk8NdNfSwK9W,beatlesque
283x1dHM1Y1Enj7xvy1ufO,hardcore punk
3xHlFraI34RPR4aYqRKm0d,tango
10OL4kkOMRVAObpGzNErQk,comic
1fHHM6jbihel9ThGiBOyr0,northern soul
3GNbNgaJWm3to51MIn06Uc,rap rock
6tp03RJhyjod7Dsr0rk0ee,disney
4Xj3pxHPy9SBgrA7bMCEk4,gothic rock
61hmC9dupqPNvOXkTHJMqJ,pop rock
59bVMdrjEruu3P5rV315XH,jazz funk
33Pw0JaiC2zwCUUj43mkwj,neo soul
31E7wexsqmxTKgWjJtTOog,motown
7iOwcuQ0KRO5JYxtmpt808,classic country pop
3EC15mtjgg7LlsI2UHRR0k,post-romantic era
6ZtGSNEOudpcWN3icBNkTi,indie pop
64VgmmYtnlCE1S0FaBiMrd,skate punk
0OlNfti4nZdHdTAkSdFdx9,nordic soundtrack
6erz4yuXJr5Lz5b3Y8uNYP,boy band
4iugSHe8r4xoeBiLl9ATMu,early synthpop
0t1hdmfFIi2hmLxscpa1DK,classic soul
10nBhvckFHPo3uTBWuubmg,hard rock
7pwc960zsNVyhRMRLwPlTy,victorian britain
49q6u9S2HfmjotaARID1jw,freakbeat
56Jzi9S9Zdlcy3Xx72n8EH,slovenian electronic
0ON7TtExRl9sVliM1T1lxB,classic j-rock
3BawczxfQSSFjxFrL40Tqd,birmingham metal
3X0dP5CWN0KkyuN0VmJEsY,roots rock
3Q1qu9H0KmbOpMOST4Q1IC,canadian soundtrack
6LaUxxucIjsbH9EfRwG7F1,latin alternative
2sbACyW8WV5KwaePfjgKib,uk alternative pop
3fIgF8XZ5JwObHd7yGXE5p,post-grunge
0aa0CKAKmymu7CuRlqzoOO,jazz
42kpbUUPHgDTfBQx2H5yP6,show tunes
4SCy9RdySa3jXAZK9DPjnk,protopunk
5mzSy5uSi3PlZktBIp1J1X,southern hip hop
4kvYbwyemrfBxQ4IBsH9a6,livetronica
1PuIuqP1THPQ0cQ9M5cRqd,pop dance
5htK5DIaQk8XWnjJfjthZ5,stoner rock
6Q6Ke1acBo18tk68JpRCj1,europop
6D9LzX5vAsi97lP8jzGgTh,new wave
4BRI72KJX6FVdFEKk82SSi,russian romanticism
52QO8Wim4Y282JdgmDFR39,art rock
5XwGco20oNfGeGa8c8RFvr,brostep
25nUrq7BJpSEFgar4jg5w5,instrumental surf
08RoSXZi5ZQrr1znpCign4,g funk
4uUtMhwsu4VmjLTRhSCPqa,german hard rock
6RxQmzQW8VIeWk4Cw4v4oY,popping
1PA3wPQyOokmIjkubRJaFt,entehno
1XyO4Ky4FyWHTzterV8ash,zolo
3pGEttjlQ0otxDcRP2Axgd,speedrun
5esHU9S3CavGj2v0UKq7lQ,early music
5hcBbNmCTQk9p22kar0ZEq,classic soundtrack
6Sl37jltwyGaLiyLZkCuLF,pub rock
4Equ2xhRcHyQEYkPnZzAxZ,funk rock
37V6ri5S6ZIqnvJs0cZWpN,surf music
5fxkWV9miMXqGqNMh1rdsx,colombian pop
6SdRJpc68sFiKURxlrhOmb,bebop
67fVjywcMtaB3XgSrIz1AX,new wave pop
3pMVwmDCKC0QRNhNQrQAnP,nu jazz
63cKEmKgSKdm7IE2BADGmQ,electropop
1x9YALEJhPH7v7u7rqvaD3,new wave of glam metal
1v1RACVrIffOwkN5tqQGVq,swamp rock
2czwGAhmvKZjv6AyNxz43P,alternative hip hop
0skZb3RQwLsJIKfzElexVK,british soundtrack
0APBgiABZQh0101q4PL5BJ,neoclassicism
4PKpUNhppyaBMERAjmpAMj,hard bop
4gQIVJqgV8QPLAzgCN9Ste,eurodance
3u7vwkOYE9wHXahDGCa4vH,free jazz
3c7tAb0lg6hg3gINVt1WSY,power pop
17JrLEp1oelZa4Hb9NWK0t,cool jazz
3LXDnSawtLAtZSeiaKDwQr,latin
4Y2AVUU8ruI6vqHmkQctPL,library music
02KuvDmyH6zSRODvh1f09d,contemporary post-bop
1rYa18bulpwTFNB4y43FUi,classic japanese jazz
2Gjif5yjUL6DtCwPrQIWy5,classic greek pop
7FpjPazgbx3zPiBi3vUPti,uk reggae
0T9Zas1HLIG3y547evI47l,british invasion
6lmwH2a2fs37RUfyDjSnTm,melodic rap
1zT08jmVFIS7jJvMqD2sPQ,slowed and reverb
5kWOEPmrapSjhAFoOmHCd1,british blues
2LwvkGVyH88w9D5ZVjBWKM,synth funk
6RcY2sOWDhxkeCnn05MKZ4,swing
3jyCC2PJLUK3QM31FsNkPj,uk contemporary jazz
5nW7R07Zz8NEKFzYZVKzHr,speed metal
3zYoIRI5ZZE5FWbE2X1HWD,hip house
7deOas4tdGV4MECzkO0rWP,classical
4RZVC7LKRV0cXzRLMHpDss,funk
7pWidoo0B9pC1QLppfz14Z,filter house
0RsO95397RxHdaxnrJyOlj,rock drums
2UvWJACEYbV3wwNDAYdMMQ,adult standards
7ouzrE0PB2DOk7eOnTlASW,australian hip hop
43TUrn5eOZTP3XTldKrGMf,jazz piano
5R8mNDfkJyevItmYVBpAg0,soul blues
2JXGBAL1l7wswcBMIQ7p1T,pop
25jVbCefJS6cM4gsuBsHeg,ecm-style jazz
73BECfriUs0W2paj6FFrPu,gypsy jazz
471zTa4imoCaX51L8Y8Qra,southern soul
6x8cU7y7dnaUpRFFAksE2X,afrofuturism
6PEfmPPtdn2bhDpn6bem18,post-punk argentina
3CjWR5LNHo82QqalkvyWXB,country rock
5j5ED783xvbabERoKNWkCE,classic uk pop
6lvHrvtGAkYAAowifgo38g,uk pop
2k2kmOIpduESvI1tGlbe1k,theme
6rii7aGXhPGM9091K6Bx83,post-disco
39jHkIuIOnAiGj6l6LdLhd,early modern classical
6IzQwzByQ7olYo5V7aUkdK,jazztronica
34nRSNjiuMHN3aHUjNYyTb,post-punk
2pWREOhi4kgElbBsprux59,hardcore hip hop
4UDvITpVzl16dq4Ei2t7w0,synthpop
4CzUDSAmGrMlocwHPUVqze,jazz cover
4GUf2jJ6XyQ9UWb3BV6maI,cartoon
2lsMWcs5TVcCGLFyx12gx3,hollywood
0gCYJldqbnUzL7SrRVWico,soul
4QDkdjEkjjMQHIUr3OPI34,doo-wop
1sIOnBZFAzZH8wR1DQfhJH,indie game soundtrack
7nzQT4rrBBRbO0I97eDVsK,german baroque
0F3EJGVmUqwsbbkqi8sgrY,rockabilly
24b1ZiUIFSoQ8bAvhV2CkL,pop rap
14kfSmwH6B5rKYkFGVWNig,electro
7HgcvPTGvWL1IwuDrmYjN8,brill building pop
2LR7UfeLMDh733OpJQWw0C,caucasian classical
5fJe9FB1MieJHmOyd5Dg2j,folk rock
52SLeGNREcFVta1JIfEp2M,avant-garde jazz
4jANpDDQkliNUyqZ3wLOKI,electric bass
1Ng6LiSMj11H8T9zqm1B5B,greek guitar
1IhMIhEpuYesMUWUjLkoEk,glam metal
4PJt9TASOytqPNLHmnLjzj,britpop
0eD0TqtwTlE9RJRSHTWMu2,pittsburgh rap
3sbiEVOIPj6iMFQKcAcQ9h,jazz boom bap
076u8SHjqJKyyiH4Jftf9H,jazz saxophone
5cvHDFz95Oalveh1SYdOAJ,argentine rock
6fIUkVZY7wIRkiQaZ3s6f1,symphonic rock
2fjfHazsgRIVz3p0XZfDfP,shib
2DP0J00ZokM3AwOfYCKf9x,album rock
1W1JL53mVcXAIzSIS7UVAV,classic rock
3A5M3gH0K8eEDkVke40r0l,blues rock
3QLpS8ijQ6OPxrWBRm4S9O,baroque pop
1V9P5r31pDNwDZSiuyi06r,hip pop
6zRa1Ol8tU9TPSTEQmSdGl,hip hop
311XIYxk9faKR7ExYqxTSg,steampunk
2EQaxXAJ00dOP6v95RWolq,sunshine pop
41bdvZfmqJYrSwpqou23yj,downtempo
4mqfOkRnUEgEQ0bOgCNjci,blues
2eOCTH59uVyJ1HtFy1m5ZV,rhythm and blues
7g4LZf70SdZaTMKVf8O4jW,power metal
4XcFqQ5VjTdsgEPyfC5cjQ,merseybeat
1TDm0l40c7LdJePJOmK1AY,disco
17a6FtOsqtpu7Hx4Kfayml,country road
4qfzRCdSQmMo5sYZZgHbzl,greek contemporary classical
16wImHxC26lpc0nn7rXPO0,metal
52RMLni6q4BngBMQ63pCbt,classic canadian rock
2cQzcAYSjDSRCyfoJChk2u,roots reggae
5CbOP9iWvnf8hKu8QKKqKo,latin classical
2VzdCd19LdnOc86hASumey,trip hop
6hbLZRpD6vMlXX6U1lAc15,trap
41r7FSwSArOxtbANKl8vwa,miami hip hop
3X78vtMxkTAQRejpK8g6e3,modern rock
3QKP1hWNtSrb7JSGcRxCVN,art punk
1KM1HvlhFqag5zJhgIThXD,detroit hip hop
5RYnXoLUW5XP70iktkEHqe,alternative rock
1TjwkGNARKpWIffvJEcVZc,nuevo tango
02V8maKq3p0asoE91KZVKj,country
5QljcBCOgqMCgq7zRO5oHl,canadian pop
7EfBLrvniZJDWLe1grPQ1C,queens hip hop
7aG5BydFObmo8z3EdwDwv6,trondheim indie
3pBF0DW9XNbRESinwb3nqg,rock nacional
0NAnwFk2NyIqLrGliUPIMu,german opera
35IlTdvUXXQnvkFY4GkzTb,jump blues
55Hs9AkdhsM8MSiF3QpWMb,italian opera
0OqXWTvKA7dBwDhyL2UIJ0,latin pop
3PqDJP4H1FdDujOIgwb7HP,reggae fusion
7CQlVTpnn8K5072qecQJFw,piano rock
1PIZTEWJTfW6QJ4IZg9qn2,argentine reggae
4EPXKiPNcsnzMrD5FmnXpD,blues latinoamericano
1qJzR5IVkk57nVKiJ2tAOl,dfw rap
4MZ7x8NwRU6FyUpDta8zdU,jazz fusion
1kf0e9PvbwVpa4m5mbZVJc,argentine indie
64GCE5AHUJK1EiLGN9Bnho,rock en espanol
2cpT7Gnc8LqaOENdhXrEwd,electric blues
5MXyzHX3Vf0Q4bheDtZ7RZ,electronic djent
48Vt3SJOdNiI557oNH7lBE,early us punk
0ra7NFo74VaC139NzUoYZU,acid rock
68tQOAK5iuRF8FXjKG09bv,swedish pop
4ADd9FBX32oiykF9dztOal,bedroom pop
0U2xM9qvv8nHteIWZKMRIt,compositional ambient
4GJonTqA0dcfNPmFeW8XZg,folk
2LN0MHOudvNImlwrfoODfP,r&b
00JBu0juvuhMxWimho7HT4,atl hip hop
1YV3TDChz8ofD51aIAxCew,alternative r&b
4br3lFEh12GRQtVm8R1Azt,baroque
3Fn5B4ExSZrG7YTOzYONqH,italian romanticism
7mT6PlEOFVWnLLAFs49Nkf,pop venezolano
4UflyVv5cfWX9DckfjtFf3,gangster rap
1MD7CMwB9pSGK0s9vxWc96,progressive electro house
5b6mWsNtzH0y1pg03o7ND4,country dawn
3lmy04BHiOqg16EjFLcCsv,german romanticism
6sy1WwR3XNA4PrWFaQ6KmX,instrumental funk
059onH05NPpg9XRAb8JOQD,cincinnati indie
05KkuPiALqABmHVIONIc9c,german metal
3YCml02Fek2h27Bbq8qBaD,urban contemporary
54HoBtc22G0vqvIeHSlQUg,trap argentino
4TY649i949XoJlWAoBKmEm,escape room
1zTxxC3V8Q1uhSkAcB1lpO,spa
7rnOoL97REjF1lIhlD4XiK,latin funk
1H18UCYU5iXWGibbaFqBo6,jazz trumpet
4fdbCm5hzmOciashlfVdln,british contemporary classical
1pOkFqgeaJrP6QSVWSbXFL,detroit rock
2eG6qpp34Df6XDDl4TBQd6,edm
3keh7BqTyQBGMVciuUYCrX,jazz double bass
34VnohtEx2MLSn0NOpYlDk,easy listening
7E5qbf4OzSGdTiN9tvRcMt,big band
5gtNwZrMHMKRdwuMak9b8f,memphis soul
3cnZc09equd8oSXRpigeLI,retro soul
3vlOJS6Dt7o1fgxvLMxCSm,new romantic
4N1VZKh5FhJ2qCknxqksaM,argentine hip hop
0ZYVugh2XmydAo50DyV5Nj,ska argentino
17nPYc2gzmES6qnLL39oMH,thrash metal
42sv7XFxEHVv3eydYBxM3m,contemporary country
3UDkwLdFh8daEGwhS65vJq,r&b argentino
0PpNWMqc91qzFtGwoeQN5g,psychedelic rock
4iosguGpAH8ydNNOdoXcQ9,bubblegum pop
4biCMzbY6JRL57vC7FX4EY,rap
6v1sxGuzIYGDRq34noiam6,palm desert scene
0xfm6ggzKTP8xp6LdpyZZ5,heartland rock
2ZCbh9nyKnn2TdKhCMU0c6,glam rock
7ituYdtebW6hcu6YHg4Te9,rap metal
6u9pQ57c9ZdwD4xry83Dvm,madchester
2rM65fAk9SQO91bsRMJlaW,rock
6F7yX5mcL4hEYnZXsGjsR5,funk metal
1rc0V0fTbmi8EGf15wkJRg,stoner metal
0AcXhKutZFH6aVJba9vRM6,old school thrash
2PVrdyDuK0hV7Zkw2j7HOc,indie soul
1bFsAAlFXWx2WncyywFNdf,west coast rap
4dmgWRBOfYTtnPYxHfJsIf,minecraft
159ARDEvnEl5V1gVXQQPr4,classical era
33MjEcilxIVsgzvZ3MJLW5,russian modern classical
3SNqLnukHAnnYia9O9JI8O,background jazz
7trzNLWjG5TDSbvYmhaipS,swing revival
34WZFpjkCiimtVhyL6lhYL,ranchera
5txQm78KmbnDJDKSLet82w,j-rock
6MWKHd1iGw6LD85IgPNypz,spanish invasion
5AIxMflch7h0K53AThUFxg,modern blues rock
06rVWGDffndyKeOu5QJZIW,australian rock
1Vrzei9fTq6p8PL9i0bJxv,torch song
66o170DUxQdTQ3Ku2CoDAm,rhode island rap
56kcCkxByyKUtTYeNbjJxO,outlaw country
4ZMV1fNIgJofnD1upw50Xx,japanese alternative rock
2ealYyOAdlTjvgj7WOZHvt,cancion melodica
5sqdvMrRiPtMh4LviRRYji,chicano rap
7vNINykPtOMU7g8xyi0Wyc,otacore
26M41FzmxIEzX0r1tTe3iG,viral rap
55j146r0qiXa84xr9cFXm5,pop electronico
0Bo7ACaDUOdzk4sXs2w86r,polish classical
6d1DR3YCuyL9gNVEJSWIEo,russian rave
102aghAJUqQAqcfTrNHhcj,j-pop
2FBFPT1cv2Gfon7HA9jSyW,german pop
0uCZ7GpIPZtZeZaPekac1i,phonk
0KD6on5urf5f4FFxLoLSoT,swedish hard rock
3JIRI384JwNafzC1Ur3eZo,neo-synthpop
0g44ckH1h6KeKRtf5bRU86,pop r&b
4vr0BQRNHiUSGcQdpOwESw,mexican pop
6HjxayAfuuuJ7xtytBjc8A,austro-german modernism
7qV9gkkzWbFGEtxIoWrjFd,wrestling
7cQQD3c9ePJ9aqDkvthxBv,deep funk
2dYIOlbsmeWfzfxTuEQPzZ,oakland hip hop
3SOLaXlr2X6nqnJa8XxYxD,african-american classical
5l6qA90FAlEnOFrINouo0T,celtic rock
2xDGVJNSYfjyv2TdQ91A6N,sound team
7qjCXx0eOZ0JbWiFzta5D1,ska
0uVq8WPtccfpzFEdab41Ha,cantautor
7AaeFAxK5I950Gg9Fx5Rmy,native american contemporary
1RN5ppRRwIBBUfsJ0cMKLF,impressionism
0o3Q2W7Tkjw5YCCUnZCFIn,chanson
3tQcMoERiLGqijzhw3xZ0O,avant-garde
45RnoYbrGPknbUu7MuEBVk,j-poprock
1NW4JWaGUhweex6nLZeTbb,stride
4RJ53JFmSb3GzkAJ6q7Y9j,dixieland
5jpYMFQqykSOBvrvHEb3DL,native american
1PSMs5CkFhkVU0MD434dcZ,early romantic era
7KumoNTFHai6ZE3GvqJNo9,jazz quartet
2ztjgG30qHPi4KRd9BUssU,nashville sound
0URh82A3voiIzVSy5Q7RYf,mexican classic rock
76HFuj7orfTHvFmwydkUKU,proto-techno
1TPzaMKlxzUVoTOFclg60X,proto-metal
0hDncVYYvwJyXqZZZWyM0D,uk alternative hip hop
7eDbLqwLKaAd8BiWL5iiTk,jazz guitar
45j49D0tYBn87h0YaP4LIP,flute rock
3qzAbzsqxoKDXjWgAplvHU,trap triste
1uuwT2l3eULzwLHfWDMnfs,smooth jazz
2oa201ddIFBfttudVhRMOf,eugene indie
48VEPYF5V3VcMpPIcfZeWh,hard bass
0WRa14OPI9ygHGHEu7RLq7,vintage jazz
6QpkzrHzMxuA1bBrenCBK2,k-pop
5nc9ZuUWIT5pKGByDWKNgP,italian alternative
37JctJt1K6ZN7HtpFh3mxp,chilean rock
6NzPi5DpnQhL7KVkEWSxxS,reggae en espanol
3Cy5sQvJOIA5xaezxlE0SW,classic italian pop
1hTo8o6hlWE22b04wYYW5P,french romanticism
0ToXOknnD7zacIuvxULji9,glee club
1LCPkUhLi9SWUxgVatLTN1,nouvelle chanson francaise
5rD9kbZ8SUFj6iUvAyYA6S,dutch prog
26QlGXNv9NzGy0UqQk7fuB,waiata mo tamariki
3rQm6MpMsbE6UOy9c60arU,latin afrobeat
0ItzkJ67knDFi2o3OYHzak,pop argentino
6yAfuC6bk9T5DQCe6EgNFV,classic city pop
7wpCQUEvRPyCJTg0I6qJws,harlem renaissance
1hn3MVtRdYB0Gbq4hgVwop,argentine punk
15d2tcMLdmlQ3YJBXoLEdD,vapor trap
4Lzvn2dUVfMRrq8ku7Zmf9,hyphy
1QLs08Aa1K06QzAw4pRSpK,british soul
66sjQJH1n2djExGtP0d53O,synth punk
48uYXsxwYJzAoCxYplywIj,melodic power metal
4jjttg8K0FODUnRni4r26O,melancholia
2XGSNSNvTUDrTR3H9KmUPh,urbano espanol
1DMLCI4pAS8XMj6EBbqoVS,k-pop girl group
7BJyWFGJUuIAvssCEWzPZs,scottish new wave
42dgEU0UsRJwzk6CU75bZA,pokemon
7byGIYzwAvgShI0DbxMVI2,classic girl group
2owmkbu7MZ4AoP9xfbueUN,uk doom metal
7hi6JlhnKuAMxdfHwhWWMx,a cappella
4Ss7fgL7msbDLjshyaf0fL,yacht rock
2moAa8AvO82m8s6SNNF7Mv,metropopolis
3bHp5jxWfssj6y3DIztKnR,latin metal
6oSzzv2rp8y9pSGeyQ3BbM,shanty
2D6tHvtkYN5JNqa67wIe2j,antiviral pop
0G24H8cj1v5vlFdbWpSTxP,ska revival
335Ym1inBIpdwluJ23IEfh,british choir
2wf80pRjvPyWCkAR2LAfFb,jazz drums
1ykLWrO8nakL5ruiLbKeDS,jazz blues
33VFdft5Z9yXSxRMD4zLKL,japanese vgm
72HGDJvxbmCoPplaRbFfot,vocal harmony group
1hP4KfnGSjaOX6OEgvbJqQ,italian adult pop
5FrmFk2FQoYHpLPpaYx8uu,bolero
5qspOthEj0fZvd7jgVNBYN,indietronica
7nK51Su6sNfbHy10qUeywX,punk blues
5RwvipA4YhBt61P3u2o1Ms,classic swedish pop
6ORSfPmqQ0dyYHvvqzbUgh,la indie
36Udcbe5sYnzt8HL3GauDo,nuevo folklore mexicano
1K0cWp2uKPYhyjGTr5fwpE,new orleans jazz
3ooa1z43cWNJQDxWohO8DF,garage rock
4qgseSP2qFCaG8uZ3jTPU2,indie rock
5rG46y5B4x6r2qJo9qQknl,chicago rap
5QS6RMivOopieq5x2tPujr,comedy rap
6nh85CiQf6LiQbb3fmqdpO,girl group
2QoTLqrUc9fCnuiq9jx2WJ,golden age hip hop
4RdyspfmpB4iWhgHyQ8Tjo,aesthetic rap
16FM84cvX2TOrLGh3KynsF,indie r&b
5G9BPCF5R3FDWVMaS4Nc7T,scottish rock
2hFnX55pU4uy9SlWjAsldj,early avant garde
6oYyQXxHvV5FoP36tVEDx9,dmv rap
4xUiFv4gjTpLjmFVz5pNwt,folk rock italiano
6VTOrzwLI7dn4yFG9nF5yM,trap latino
6dPSDRA6nq9kjqfkHT7gMq,new age
29vkOC8yyGrO47QQARdPaX,stomp and holler
1sTxDDG6iUBBdj3UuxTfHJ,vintage schlager
7crxMfqlOmjNjL1fqw1Cdl,latin hip hop
0ldCRYXuCxT6ISdVBfS87f,nueva ola chilena
5ZBBZ6MD5QVI7wbOFd4Ahm,canadian indie
68kPQhyVkANR3wnJYIKXxA,latin arena pop
252x1G2W4rvSQOyQ6KwqpJ,minnesota hip hop
6BnSfh7tEbb8H37KvVblbw,boston hip hop
3PzRGzvEkXEkVzYFLZRqvR,fake
1Hq25b8DOobm81yBvpSO7g,reggaeton
1XVyI1kKZsc07z1htbOhOF,musica lombarda
7DEy8y7pIJYNmDVOI2AP1h,new rave
04fbSoFarQIESko3ItCyqI,anime piano
1mE6nt9NJbz80N1VC7gwnd,alternative dance
6xJYIWOOdvSNJZ7s60YhZF,hi-nrg
5O48XQx5vDUwN4pgZtnwNB,post-teen pop
3goJtMitsK58MjjhvH5mZ4,modern alternative rock
2o8tDN1hRM2X68vU8phhuz,puerto rican rock
0bhOI5XR7SAMcWMbz42jYV,geek rock
5KOK4gDWkGJqEZPLlIjjVP,swedish melodic rock
5x3sQN5PeRTFS66oO0W6o4,canadian rock
3STI22ypPLyBb4xSr8JLsY,canzone d'autore
4GqXjofQ8uvjNSnVOAuDRa,rap conciencia
53ejxYQPmCy9DvZh7mIM9N,north carolina hip hop
3mMgatTDrS94GK8n17GNWD,operatic pop
1qZlUeajRvuOA97OpHVOnr,mexican indie
1qHnvbxuAAytSHMj7oRzII,nederpop
7gGuSQdslY1pyYLjbFpej2,old school hip hop
1Rx3GQgbdEPGqLF7X3pgYb,deep adult standards
3Edz21Es2swHyLfGu38wyb,rare groove
5qXkKTcA6zeKR8amCVCr6h,sophisti-pop
6CXYqXlHisc0zJduHIV8qG,meme rap
6kUqKYZMpC9Yr6FSjvQGDu,chamber pop
0Mvqvff6EFGGdwvpf8bkb0,electronica argentina
34G9q3Gq80UHrDyNESJzVT,arkansas country
53hqDFCecfyGoTbT7fWH5M,10
70qybbtHKijqvoA3NsaT6v,20
3YTbYyt5KXK82BNeWBEyBq,70
2c2duDHpU7zJioF0qriMs2,60
6ej2Q2YPJLmyg95hNa0zUk,80
2FtEKpynC3BPQF3UWdM1dx,90
422CuGDMijKaoM4uaN4G2O,50
0C9eThnB3OUi27OcdAZOWx,00
6zauDGSaPTyVbStGb3YhLI,40
0sjdYgKdwAN7vnvhWRZY5i,30
0mkZLWBz3djmmOE9p6wFGj,marching band
1sPyIYsPY8BcmrwDA7QOlc,NoGenre
6dXfNATpag99phczm3yWUC,canadian hip hop
5AgMIonY4lnIWaYcrtSlJR,toronto rap
7zGcGPjVJUbPolmtZVOFCj,dembow
479u73mvcHr880UqQa1h7I,wonky
5krFtRRIpX4eocTWc3y5bV,dominican pop
0wyivX2FrdOQtGdQHyVf8F,slap house
328kQjzM7FZnr57AveDtfv,boom bap
6dDBAMevBNhGSRSgyuEf2p,ballroom
3Yh1rFKpCfhBYghV9oUhHK,trap queen
4Xk24QL5VHaJdSSYb6kJMj,reggaeton colombiano
2c6Ed9Ko1o7SRwciQ5WhJn,houston rap
7vrI88GsScVweeYI17lyTb,canadian contemporary r&b
72Gyqx2SvRYsrjzCTCqoYZ,rap dominicano
2XJZ2oS1pByL6HQcseJHs2,indie hip hop
