id,name,songs
6C4yW0laVEgB7zLIYTmi4D,german soundtrack,15.0
1U5ppQl8yokd9FcfRkHJed,soundtrack,57.0
2BjrPetGeyAJQmKSKTqCeg,video game music,30.0
2aqsevyoHcDqBprmsJhjaN,orchestral soundtrack,47.0
7fiNQbFxDFeRYUONDMV1zC,scorecore,13.0
3tSrCDfYd1QObfIGtPQhM9,progressive rock,7.0
418XnO0cHLR1ZXyKIaddHJ,contemporary r&b,2.0
2RBIISV5Cp2gFT0O9QufJP,alternative metal,5.0
7wD13GCARDBaIWzBHshJ4K,underground hip hop,5.0
0DpXHxS8ASOi40rbwUdtKH,political hip hop,5.0
2Llvbp8D1b3rKYVJvANWdL,mellow gold,111.0
1jnEWaOasIloIAoC0asKNS,lounge,31.0
1kbgm3GvaJmvSeMK7rfHvc,sleaze rock,9.0
1BLAtWd4UcTp0A5skNuKkh,conscious hip hop,45.0
26FZxoD7BGj1KR8ozbyfIb,late romantic era,16.0
5aQbuqeLkbKlcji17bH6dz,rock-and-roll,25.0
6Mwf1j7Xu6iifxC74mW8Y8,cuarteto,1.0
7rkO4uBpWKcjuVpXbRbxKg,singer-songwriter,56.0
4VjTtDISbtFLGWUY1cf6kI,norwegian classical,2.0
7k7EB2BTOScLjEW4fIINRm,minneapolis sound,2.0
2DeB5ustOBFC4nhYU7Ga9J,nwobhm,3.0
2DsiSaEdzXQnSN8IsbWlCI,german rock,2.0
5FXlF4HnVM9XgGkkjuiAe4,dance rock,7.0
09bfJFHUgIDnd5ULCJygeM,southern rock,7.0
6bKoKp5EIh9emqaRDyYxrN,candy pop,2.0
2PLWqyYTB91sxabFhef9Tq,movie tunes,4.0
27dWMslBCUCcc3A4h55cVU,english baroque,1.0
1q6fuajmaLZ7Lf7kpJLKwj,east coast hip hop,49.0
6Z199kuGSVXBJnOtd7TYWy,anime latino,1.0
1i3iauknyzr2b49Zi5MjNJ,british modern classical,3.0
2MVf0YWtauptJ491Ki2Vzk,australian pop,8.0
4pOTobjF4QlfUk5Ru7Ogmg,contemporary jazz,2.0
4BP4uLFVmOLRUAXds8uakY,cumbia villera,1.0
4vJ3z6QiO6RHR8iFIv8XQN,deep jazz fusion,1.0
0Xie9aONxBer6wNNnVn6FC,australian dance,7.0
2R8Mu6Yj3gwAWJl01jpHiC,new jack swing,1.0
2qlrGNa8qJ6ldNYYkunZRP,big room,1.0
027eF9zF1wiPF6qqlIxfwR,permanent wave,54.0
41nXb8RhzcpLbMYdNCXpO5,italian baroque,1.0
3qeEWFP5G0KXAPecTG8xKU,quiet storm,33.0
76Z7mZS72ySi1ELtZ3P1e3,bouzouki,1.0
3hoftyFHCNXIhxkAsYAkLV,dance pop,67.0
15QSMm20nzlQLaDSjalRFx,broadway,7.0
5lGKfafVo6GsWRKGdz9uaj,north carolina roots,1.0
1ezq2BZlbYXickQ0TrLHtp,lgbtq+ hip hop,3.0
6oR23V06cNwe1zbkW5tsSh,punk,40.0
1NxQtZpZZqJd55ffGXJBtP,latin rock,76.0
7conZnR4wCUUva8T6eryab,reggae,4.0
5vlvmJbu1pjKgGEYBxhLUf,nu metal,3.0
2J7YMmQS5T4pNPjvXtFrxl,philly rap,1.0
6SvHAmLXVe3ZUrBSqyhRuy,bandoneon,1.0
3HESS1YhLcvhebsnUu6vdt,black americana,1.0
18wYAmTTZPOwjKymTnPnSY,soft rock,76.0
26QCADhNPXxPZQPXSjHNQY,eastern bloc groove,1.0
11uv2gRwmCnBYRuFJD5Vw3,vocal jazz,27.0
3taZgxYXvxcjSxlYrwinuI,children's music,3.0
5r9IhfEgkYlJA1Wu2otfZx,jazz trio,5.0
3LHer50jKDYQe7HPhWDnnS,dream smp,4.0
3nw3x8cFJCkk8NdNfSwK9W,beatlesque,20.0
283x1dHM1Y1Enj7xvy1ufO,hardcore punk,2.0
3xHlFraI34RPR4aYqRKm0d,tango,1.0
10OL4kkOMRVAObpGzNErQk,comic,26.0
1fHHM6jbihel9ThGiBOyr0,northern soul,3.0
3GNbNgaJWm3to51MIn06Uc,rap rock,4.0
6tp03RJhyjod7Dsr0rk0ee,disney,3.0
4Xj3pxHPy9SBgrA7bMCEk4,gothic rock,2.0
61hmC9dupqPNvOXkTHJMqJ,pop rock,9.0
59bVMdrjEruu3P5rV315XH,jazz funk,12.0
33Pw0JaiC2zwCUUj43mkwj,neo soul,5.0
31E7wexsqmxTKgWjJtTOog,motown,11.0
7iOwcuQ0KRO5JYxtmpt808,classic country pop,4.0
3EC15mtjgg7LlsI2UHRR0k,post-romantic era,6.0
6ZtGSNEOudpcWN3icBNkTi,indie pop,2.0
64VgmmYtnlCE1S0FaBiMrd,skate punk,34.0
0OlNfti4nZdHdTAkSdFdx9,nordic soundtrack,2.0
6erz4yuXJr5Lz5b3Y8uNYP,boy band,2.0
4iugSHe8r4xoeBiLl9ATMu,early synthpop,1.0
0t1hdmfFIi2hmLxscpa1DK,classic soul,13.0
10nBhvckFHPo3uTBWuubmg,hard rock,79.0
7pwc960zsNVyhRMRLwPlTy,victorian britain,2.0
49q6u9S2HfmjotaARID1jw,freakbeat,1.0
56Jzi9S9Zdlcy3Xx72n8EH,slovenian electronic,1.0
0ON7TtExRl9sVliM1T1lxB,classic j-rock,1.0
3BawczxfQSSFjxFrL40Tqd,birmingham metal,6.0
3X0dP5CWN0KkyuN0VmJEsY,roots rock,4.0
3Q1qu9H0KmbOpMOST4Q1IC,canadian soundtrack,1.0
6LaUxxucIjsbH9EfRwG7F1,latin alternative,73.0
2sbACyW8WV5KwaePfjgKib,uk alternative pop,3.0
3fIgF8XZ5JwObHd7yGXE5p,post-grunge,1.0
0aa0CKAKmymu7CuRlqzoOO,jazz,37.0
42kpbUUPHgDTfBQx2H5yP6,show tunes,11.0
4SCy9RdySa3jXAZK9DPjnk,protopunk,23.0
5mzSy5uSi3PlZktBIp1J1X,southern hip hop,16.0
4kvYbwyemrfBxQ4IBsH9a6,livetronica,1.0
1PuIuqP1THPQ0cQ9M5cRqd,pop dance,2.0
5htK5DIaQk8XWnjJfjthZ5,stoner rock,3.0
6Q6Ke1acBo18tk68JpRCj1,europop,18.0
6D9LzX5vAsi97lP8jzGgTh,new wave,19.0
4BRI72KJX6FVdFEKk82SSi,russian romanticism,5.0
52QO8Wim4Y282JdgmDFR39,art rock,56.0
5XwGco20oNfGeGa8c8RFvr,brostep,1.0
25nUrq7BJpSEFgar4jg5w5,instrumental surf,1.0
08RoSXZi5ZQrr1znpCign4,g funk,28.0
4uUtMhwsu4VmjLTRhSCPqa,german hard rock,1.0
6RxQmzQW8VIeWk4Cw4v4oY,popping,1.0
1PA3wPQyOokmIjkubRJaFt,entehno,1.0
1XyO4Ky4FyWHTzterV8ash,zolo,7.0
3pGEttjlQ0otxDcRP2Axgd,speedrun,16.0
5esHU9S3CavGj2v0UKq7lQ,early music,5.0
5hcBbNmCTQk9p22kar0ZEq,classic soundtrack,3.0
6Sl37jltwyGaLiyLZkCuLF,pub rock,3.0
4Equ2xhRcHyQEYkPnZzAxZ,funk rock,5.0
37V6ri5S6ZIqnvJs0cZWpN,surf music,3.0
5fxkWV9miMXqGqNMh1rdsx,colombian pop,2.0
6SdRJpc68sFiKURxlrhOmb,bebop,18.0
67fVjywcMtaB3XgSrIz1AX,new wave pop,25.0
3pMVwmDCKC0QRNhNQrQAnP,nu jazz,2.0
63cKEmKgSKdm7IE2BADGmQ,electropop,3.0
1x9YALEJhPH7v7u7rqvaD3,new wave of glam metal,2.0
1v1RACVrIffOwkN5tqQGVq,swamp rock,3.0
2czwGAhmvKZjv6AyNxz43P,alternative hip hop,22.0
0skZb3RQwLsJIKfzElexVK,british soundtrack,4.0
0APBgiABZQh0101q4PL5BJ,neoclassicism,2.0
4PKpUNhppyaBMERAjmpAMj,hard bop,10.0
4gQIVJqgV8QPLAzgCN9Ste,eurodance,2.0
3u7vwkOYE9wHXahDGCa4vH,free jazz,5.0
3c7tAb0lg6hg3gINVt1WSY,power pop,5.0
17JrLEp1oelZa4Hb9NWK0t,cool jazz,15.0
3LXDnSawtLAtZSeiaKDwQr,latin,6.0
4Y2AVUU8ruI6vqHmkQctPL,library music,1.0
02KuvDmyH6zSRODvh1f09d,contemporary post-bop,8.0
1rYa18bulpwTFNB4y43FUi,classic japanese jazz,2.0
2Gjif5yjUL6DtCwPrQIWy5,classic greek pop,1.0
7FpjPazgbx3zPiBi3vUPti,uk reggae,1.0
0T9Zas1HLIG3y547evI47l,british invasion,56.0
6lmwH2a2fs37RUfyDjSnTm,melodic rap,5.0
1zT08jmVFIS7jJvMqD2sPQ,slowed and reverb,1.0
5kWOEPmrapSjhAFoOmHCd1,british blues,4.0
2LwvkGVyH88w9D5ZVjBWKM,synth funk,7.0
6RcY2sOWDhxkeCnn05MKZ4,swing,25.0
3jyCC2PJLUK3QM31FsNkPj,uk contemporary jazz,9.0
5nW7R07Zz8NEKFzYZVKzHr,speed metal,1.0
3zYoIRI5ZZE5FWbE2X1HWD,hip house,3.0
7deOas4tdGV4MECzkO0rWP,classical,54.0
4RZVC7LKRV0cXzRLMHpDss,funk,39.0
7pWidoo0B9pC1QLppfz14Z,filter house,2.0
0RsO95397RxHdaxnrJyOlj,rock drums,2.0
2UvWJACEYbV3wwNDAYdMMQ,adult standards,64.0
7ouzrE0PB2DOk7eOnTlASW,australian hip hop,3.0
43TUrn5eOZTP3XTldKrGMf,jazz piano,13.0
5R8mNDfkJyevItmYVBpAg0,soul blues,1.0
2JXGBAL1l7wswcBMIQ7p1T,pop,109.0
25jVbCefJS6cM4gsuBsHeg,ecm-style jazz,1.0
73BECfriUs0W2paj6FFrPu,gypsy jazz,2.0
471zTa4imoCaX51L8Y8Qra,southern soul,5.0
6x8cU7y7dnaUpRFFAksE2X,afrofuturism,4.0
6PEfmPPtdn2bhDpn6bem18,post-punk argentina,17.0
3CjWR5LNHo82QqalkvyWXB,country rock,17.0
5j5ED783xvbabERoKNWkCE,classic uk pop,13.0
6lvHrvtGAkYAAowifgo38g,uk pop,17.0
2k2kmOIpduESvI1tGlbe1k,theme,2.0
6rii7aGXhPGM9091K6Bx83,post-disco,9.0
39jHkIuIOnAiGj6l6LdLhd,early modern classical,6.0
6IzQwzByQ7olYo5V7aUkdK,jazztronica,1.0
34nRSNjiuMHN3aHUjNYyTb,post-punk,8.0
2pWREOhi4kgElbBsprux59,hardcore hip hop,47.0
4UDvITpVzl16dq4Ei2t7w0,synthpop,10.0
4CzUDSAmGrMlocwHPUVqze,jazz cover,3.0
4GUf2jJ6XyQ9UWb3BV6maI,cartoon,3.0
2lsMWcs5TVcCGLFyx12gx3,hollywood,17.0
0gCYJldqbnUzL7SrRVWico,soul,55.0
4QDkdjEkjjMQHIUr3OPI34,doo-wop,5.0
1sIOnBZFAzZH8wR1DQfhJH,indie game soundtrack,4.0
7nzQT4rrBBRbO0I97eDVsK,german baroque,4.0
0F3EJGVmUqwsbbkqi8sgrY,rockabilly,19.0
24b1ZiUIFSoQ8bAvhV2CkL,pop rap,37.0
14kfSmwH6B5rKYkFGVWNig,electro,2.0
7HgcvPTGvWL1IwuDrmYjN8,brill building pop,53.0
2LR7UfeLMDh733OpJQWw0C,caucasian classical,1.0
5fJe9FB1MieJHmOyd5Dg2j,folk rock,82.0
52SLeGNREcFVta1JIfEp2M,avant-garde jazz,2.0
4jANpDDQkliNUyqZ3wLOKI,electric bass,2.0
1Ng6LiSMj11H8T9zqm1B5B,greek guitar,1.0
1IhMIhEpuYesMUWUjLkoEk,glam metal,20.0
4PJt9TASOytqPNLHmnLjzj,britpop,1.0
0eD0TqtwTlE9RJRSHTWMu2,pittsburgh rap,1.0
3sbiEVOIPj6iMFQKcAcQ9h,jazz boom bap,2.0
076u8SHjqJKyyiH4Jftf9H,jazz saxophone,5.0
5cvHDFz95Oalveh1SYdOAJ,argentine rock,75.0
6fIUkVZY7wIRkiQaZ3s6f1,symphonic rock,10.0
2fjfHazsgRIVz3p0XZfDfP,shib,1.0
2DP0J00ZokM3AwOfYCKf9x,album rock,116.0
1W1JL53mVcXAIzSIS7UVAV,classic rock,209.0
3A5M3gH0K8eEDkVke40r0l,blues rock,36.0
3QLpS8ijQ6OPxrWBRm4S9O,baroque pop,11.0
1V9P5r31pDNwDZSiuyi06r,hip pop,6.0
6zRa1Ol8tU9TPSTEQmSdGl,hip hop,224.0
311XIYxk9faKR7ExYqxTSg,steampunk,1.0
2EQaxXAJ00dOP6v95RWolq,sunshine pop,12.0
41bdvZfmqJYrSwpqou23yj,downtempo,1.0
4mqfOkRnUEgEQ0bOgCNjci,blues,1.0
2eOCTH59uVyJ1HtFy1m5ZV,rhythm and blues,3.0
7g4LZf70SdZaTMKVf8O4jW,power metal,11.0
4XcFqQ5VjTdsgEPyfC5cjQ,merseybeat,17.0
1TDm0l40c7LdJePJOmK1AY,disco,33.0
17a6FtOsqtpu7Hx4Kfayml,country road,1.0
4qfzRCdSQmMo5sYZZgHbzl,greek contemporary classical,1.0
16wImHxC26lpc0nn7rXPO0,metal,40.0
52RMLni6q4BngBMQ63pCbt,classic canadian rock,4.0
2cQzcAYSjDSRCyfoJChk2u,roots reggae,4.0
5CbOP9iWvnf8hKu8QKKqKo,latin classical,1.0
2VzdCd19LdnOc86hASumey,trip hop,1.0
6hbLZRpD6vMlXX6U1lAc15,trap,12.0
41r7FSwSArOxtbANKl8vwa,miami hip hop,2.0
3X78vtMxkTAQRejpK8g6e3,modern rock,13.0
3QKP1hWNtSrb7JSGcRxCVN,art punk,4.0
1KM1HvlhFqag5zJhgIThXD,detroit hip hop,53.0
5RYnXoLUW5XP70iktkEHqe,alternative rock,12.0
1TjwkGNARKpWIffvJEcVZc,nuevo tango,1.0
02V8maKq3p0asoE91KZVKj,country,2.0
5QljcBCOgqMCgq7zRO5oHl,canadian pop,11.0
7EfBLrvniZJDWLe1grPQ1C,queens hip hop,13.0
7aG5BydFObmo8z3EdwDwv6,trondheim indie,2.0
3pBF0DW9XNbRESinwb3nqg,rock nacional,49.0
0NAnwFk2NyIqLrGliUPIMu,german opera,1.0
35IlTdvUXXQnvkFY4GkzTb,jump blues,1.0
55Hs9AkdhsM8MSiF3QpWMb,italian opera,2.0
0OqXWTvKA7dBwDhyL2UIJ0,latin pop,6.0
3PqDJP4H1FdDujOIgwb7HP,reggae fusion,3.0
7CQlVTpnn8K5072qecQJFw,piano rock,28.0
1PIZTEWJTfW6QJ4IZg9qn2,argentine reggae,9.0
4EPXKiPNcsnzMrD5FmnXpD,blues latinoamericano,4.0
1qJzR5IVkk57nVKiJ2tAOl,dfw rap,2.0
4MZ7x8NwRU6FyUpDta8zdU,jazz fusion,24.0
1kf0e9PvbwVpa4m5mbZVJc,argentine indie,17.0
64GCE5AHUJK1EiLGN9Bnho,rock en espanol,79.0
2cpT7Gnc8LqaOENdhXrEwd,electric blues,3.0
5MXyzHX3Vf0Q4bheDtZ7RZ,electronic djent,2.0
48Vt3SJOdNiI557oNH7lBE,early us punk,35.0
0ra7NFo74VaC139NzUoYZU,acid rock,10.0
68tQOAK5iuRF8FXjKG09bv,swedish pop,10.0
4ADd9FBX32oiykF9dztOal,bedroom pop,1.0
0U2xM9qvv8nHteIWZKMRIt,compositional ambient,2.0
4GJonTqA0dcfNPmFeW8XZg,folk,12.0
2LN0MHOudvNImlwrfoODfP,r&b,17.0
00JBu0juvuhMxWimho7HT4,atl hip hop,20.0
1YV3TDChz8ofD51aIAxCew,alternative r&b,5.0
4br3lFEh12GRQtVm8R1Azt,baroque,5.0
3Fn5B4ExSZrG7YTOzYONqH,italian romanticism,3.0
7mT6PlEOFVWnLLAFs49Nkf,pop venezolano,13.0
4UflyVv5cfWX9DckfjtFf3,gangster rap,76.0
1MD7CMwB9pSGK0s9vxWc96,progressive electro house,1.0
5b6mWsNtzH0y1pg03o7ND4,country dawn,1.0
3lmy04BHiOqg16EjFLcCsv,german romanticism,5.0
6sy1WwR3XNA4PrWFaQ6KmX,instrumental funk,4.0
059onH05NPpg9XRAb8JOQD,cincinnati indie,1.0
05KkuPiALqABmHVIONIc9c,german metal,1.0
3YCml02Fek2h27Bbq8qBaD,urban contemporary,6.0
54HoBtc22G0vqvIeHSlQUg,trap argentino,37.0
4TY649i949XoJlWAoBKmEm,escape room,2.0
1zTxxC3V8Q1uhSkAcB1lpO,spa,1.0
7rnOoL97REjF1lIhlD4XiK,latin funk,1.0
1H18UCYU5iXWGibbaFqBo6,jazz trumpet,13.0
4fdbCm5hzmOciashlfVdln,british contemporary classical,1.0
1pOkFqgeaJrP6QSVWSbXFL,detroit rock,2.0
2eG6qpp34Df6XDDl4TBQd6,edm,3.0
3keh7BqTyQBGMVciuUYCrX,jazz double bass,3.0
34VnohtEx2MLSn0NOpYlDk,easy listening,16.0
7E5qbf4OzSGdTiN9tvRcMt,big band,13.0
5gtNwZrMHMKRdwuMak9b8f,memphis soul,3.0
3cnZc09equd8oSXRpigeLI,retro soul,1.0
3vlOJS6Dt7o1fgxvLMxCSm,new romantic,12.0
4N1VZKh5FhJ2qCknxqksaM,argentine hip hop,25.0
0ZYVugh2XmydAo50DyV5Nj,ska argentino,20.0
17nPYc2gzmES6qnLL39oMH,thrash metal,5.0
42sv7XFxEHVv3eydYBxM3m,contemporary country,1.0
3UDkwLdFh8daEGwhS65vJq,r&b argentino,1.0
0PpNWMqc91qzFtGwoeQN5g,psychedelic rock,67.0
4iosguGpAH8ydNNOdoXcQ9,bubblegum pop,25.0
4biCMzbY6JRL57vC7FX4EY,rap,231.0
6v1sxGuzIYGDRq34noiam6,palm desert scene,1.0
0xfm6ggzKTP8xp6LdpyZZ5,heartland rock,7.0
2ZCbh9nyKnn2TdKhCMU0c6,glam rock,60.0
7ituYdtebW6hcu6YHg4Te9,rap metal,2.0
6u9pQ57c9ZdwD4xry83Dvm,madchester,1.0
2rM65fAk9SQO91bsRMJlaW,rock,258.0
6F7yX5mcL4hEYnZXsGjsR5,funk metal,1.0
1rc0V0fTbmi8EGf15wkJRg,stoner metal,1.0
0AcXhKutZFH6aVJba9vRM6,old school thrash,5.0
2PVrdyDuK0hV7Zkw2j7HOc,indie soul,9.0
1bFsAAlFXWx2WncyywFNdf,west coast rap,49.0
4dmgWRBOfYTtnPYxHfJsIf,minecraft,3.0
159ARDEvnEl5V1gVXQQPr4,classical era,17.0
33MjEcilxIVsgzvZ3MJLW5,russian modern classical,4.0
3SNqLnukHAnnYia9O9JI8O,background jazz,1.0
7trzNLWjG5TDSbvYmhaipS,swing revival,2.0
34WZFpjkCiimtVhyL6lhYL,ranchera,3.0
5txQm78KmbnDJDKSLet82w,j-rock,1.0
6MWKHd1iGw6LD85IgPNypz,spanish invasion,1.0
5AIxMflch7h0K53AThUFxg,modern blues rock,1.0
06rVWGDffndyKeOu5QJZIW,australian rock,8.0
1Vrzei9fTq6p8PL9i0bJxv,torch song,1.0
66o170DUxQdTQ3Ku2CoDAm,rhode island rap,2.0
56kcCkxByyKUtTYeNbjJxO,outlaw country,1.0
4ZMV1fNIgJofnD1upw50Xx,japanese alternative rock,1.0
2ealYyOAdlTjvgj7WOZHvt,cancion melodica,1.0
5sqdvMrRiPtMh4LviRRYji,chicano rap,2.0
7vNINykPtOMU7g8xyi0Wyc,otacore,5.0
26M41FzmxIEzX0r1tTe3iG,viral rap,4.0
55j146r0qiXa84xr9cFXm5,pop electronico,1.0
0Bo7ACaDUOdzk4sXs2w86r,polish classical,6.0
6d1DR3YCuyL9gNVEJSWIEo,russian rave,2.0
102aghAJUqQAqcfTrNHhcj,j-pop,1.0
2FBFPT1cv2Gfon7HA9jSyW,german pop,1.0
0uCZ7GpIPZtZeZaPekac1i,phonk,1.0
0KD6on5urf5f4FFxLoLSoT,swedish hard rock,1.0
3JIRI384JwNafzC1Ur3eZo,neo-synthpop,1.0
0g44ckH1h6KeKRtf5bRU86,pop r&b,1.0
4vr0BQRNHiUSGcQdpOwESw,mexican pop,3.0
6HjxayAfuuuJ7xtytBjc8A,austro-german modernism,1.0
7qV9gkkzWbFGEtxIoWrjFd,wrestling,1.0
7cQQD3c9ePJ9aqDkvthxBv,deep funk,1.0
2dYIOlbsmeWfzfxTuEQPzZ,oakland hip hop,1.0
3SOLaXlr2X6nqnJa8XxYxD,african-american classical,5.0
5l6qA90FAlEnOFrINouo0T,celtic rock,2.0
2xDGVJNSYfjyv2TdQ91A6N,sound team,1.0
7qjCXx0eOZ0JbWiFzta5D1,ska,1.0
0uVq8WPtccfpzFEdab41Ha,cantautor,1.0
7AaeFAxK5I950Gg9Fx5Rmy,native american contemporary,1.0
1RN5ppRRwIBBUfsJ0cMKLF,impressionism,2.0
0o3Q2W7Tkjw5YCCUnZCFIn,chanson,2.0
3tQcMoERiLGqijzhw3xZ0O,avant-garde,1.0
45RnoYbrGPknbUu7MuEBVk,j-poprock,1.0
1NW4JWaGUhweex6nLZeTbb,stride,5.0
4RJ53JFmSb3GzkAJ6q7Y9j,dixieland,2.0
5jpYMFQqykSOBvrvHEb3DL,native american,1.0
1PSMs5CkFhkVU0MD434dcZ,early romantic era,10.0
7KumoNTFHai6ZE3GvqJNo9,jazz quartet,1.0
2ztjgG30qHPi4KRd9BUssU,nashville sound,3.0
0URh82A3voiIzVSy5Q7RYf,mexican classic rock,1.0
76HFuj7orfTHvFmwydkUKU,proto-techno,1.0
1TPzaMKlxzUVoTOFclg60X,proto-metal,10.0
0hDncVYYvwJyXqZZZWyM0D,uk alternative hip hop,1.0
7eDbLqwLKaAd8BiWL5iiTk,jazz guitar,2.0
45j49D0tYBn87h0YaP4LIP,flute rock,1.0
3qzAbzsqxoKDXjWgAplvHU,trap triste,2.0
1uuwT2l3eULzwLHfWDMnfs,smooth jazz,1.0
2oa201ddIFBfttudVhRMOf,eugene indie,1.0
48VEPYF5V3VcMpPIcfZeWh,hard bass,3.0
0WRa14OPI9ygHGHEu7RLq7,vintage jazz,1.0
6QpkzrHzMxuA1bBrenCBK2,k-pop,2.0
5nc9ZuUWIT5pKGByDWKNgP,italian alternative,1.0
37JctJt1K6ZN7HtpFh3mxp,chilean rock,1.0
6NzPi5DpnQhL7KVkEWSxxS,reggae en espanol,1.0
3Cy5sQvJOIA5xaezxlE0SW,classic italian pop,2.0
1hTo8o6hlWE22b04wYYW5P,french romanticism,3.0
0ToXOknnD7zacIuvxULji9,glee club,1.0
1LCPkUhLi9SWUxgVatLTN1,nouvelle chanson francaise,1.0
5rD9kbZ8SUFj6iUvAyYA6S,dutch prog,1.0
26QlGXNv9NzGy0UqQk7fuB,waiata mo tamariki,1.0
3rQm6MpMsbE6UOy9c60arU,latin afrobeat,2.0
0ItzkJ67knDFi2o3OYHzak,pop argentino,2.0
6yAfuC6bk9T5DQCe6EgNFV,classic city pop,2.0
7wpCQUEvRPyCJTg0I6qJws,harlem renaissance,8.0
1hn3MVtRdYB0Gbq4hgVwop,argentine punk,1.0
15d2tcMLdmlQ3YJBXoLEdD,vapor trap,2.0
4Lzvn2dUVfMRrq8ku7Zmf9,hyphy,1.0
1QLs08Aa1K06QzAw4pRSpK,british soul,1.0
66sjQJH1n2djExGtP0d53O,synth punk,1.0
48uYXsxwYJzAoCxYplywIj,melodic power metal,7.0
4jjttg8K0FODUnRni4r26O,melancholia,3.0
2XGSNSNvTUDrTR3H9KmUPh,urbano espanol,4.0
1DMLCI4pAS8XMj6EBbqoVS,k-pop girl group,2.0
7BJyWFGJUuIAvssCEWzPZs,scottish new wave,1.0
42dgEU0UsRJwzk6CU75bZA,pokemon,1.0
7byGIYzwAvgShI0DbxMVI2,classic girl group,3.0
2owmkbu7MZ4AoP9xfbueUN,uk doom metal,2.0
7hi6JlhnKuAMxdfHwhWWMx,a cappella,1.0
4Ss7fgL7msbDLjshyaf0fL,yacht rock,8.0
2moAa8AvO82m8s6SNNF7Mv,metropopolis,1.0
3bHp5jxWfssj6y3DIztKnR,latin metal,1.0
6oSzzv2rp8y9pSGeyQ3BbM,shanty,1.0
2D6tHvtkYN5JNqa67wIe2j,antiviral pop,1.0
0G24H8cj1v5vlFdbWpSTxP,ska revival,1.0
335Ym1inBIpdwluJ23IEfh,british choir,1.0
2wf80pRjvPyWCkAR2LAfFb,jazz drums,2.0
1ykLWrO8nakL5ruiLbKeDS,jazz blues,2.0
33VFdft5Z9yXSxRMD4zLKL,japanese vgm,1.0
72HGDJvxbmCoPplaRbFfot,vocal harmony group,2.0
1hP4KfnGSjaOX6OEgvbJqQ,italian adult pop,1.0
5FrmFk2FQoYHpLPpaYx8uu,bolero,1.0
5qspOthEj0fZvd7jgVNBYN,indietronica,2.0
7nK51Su6sNfbHy10qUeywX,punk blues,2.0
5RwvipA4YhBt61P3u2o1Ms,classic swedish pop,1.0
6ORSfPmqQ0dyYHvvqzbUgh,la indie,2.0
36Udcbe5sYnzt8HL3GauDo,nuevo folklore mexicano,1.0
1K0cWp2uKPYhyjGTr5fwpE,new orleans jazz,2.0
3ooa1z43cWNJQDxWohO8DF,garage rock,2.0
4qgseSP2qFCaG8uZ3jTPU2,indie rock,2.0
5rG46y5B4x6r2qJo9qQknl,chicago rap,4.0
5QS6RMivOopieq5x2tPujr,comedy rap,1.0
6nh85CiQf6LiQbb3fmqdpO,girl group,1.0
2QoTLqrUc9fCnuiq9jx2WJ,golden age hip hop,11.0
4RdyspfmpB4iWhgHyQ8Tjo,aesthetic rap,1.0
16FM84cvX2TOrLGh3KynsF,indie r&b,8.0
5G9BPCF5R3FDWVMaS4Nc7T,scottish rock,2.0
2hFnX55pU4uy9SlWjAsldj,early avant garde,1.0
6oYyQXxHvV5FoP36tVEDx9,dmv rap,5.0
4xUiFv4gjTpLjmFVz5pNwt,folk rock italiano,1.0
6VTOrzwLI7dn4yFG9nF5yM,trap latino,15.0
6dPSDRA6nq9kjqfkHT7gMq,new age,1.0
29vkOC8yyGrO47QQARdPaX,stomp and holler,1.0
1sTxDDG6iUBBdj3UuxTfHJ,vintage schlager,1.0
7crxMfqlOmjNjL1fqw1Cdl,latin hip hop,3.0
0ldCRYXuCxT6ISdVBfS87f,nueva ola chilena,1.0
5ZBBZ6MD5QVI7wbOFd4Ahm,canadian indie,1.0
68kPQhyVkANR3wnJYIKXxA,latin arena pop,1.0
252x1G2W4rvSQOyQ6KwqpJ,minnesota hip hop,3.0
6BnSfh7tEbb8H37KvVblbw,boston hip hop,5.0
3PzRGzvEkXEkVzYFLZRqvR,fake,1.0
1Hq25b8DOobm81yBvpSO7g,reggaeton,5.0
1XVyI1kKZsc07z1htbOhOF,musica lombarda,1.0
7DEy8y7pIJYNmDVOI2AP1h,new rave,1.0
04fbSoFarQIESko3ItCyqI,anime piano,1.0
1mE6nt9NJbz80N1VC7gwnd,alternative dance,1.0
6xJYIWOOdvSNJZ7s60YhZF,hi-nrg,2.0
5O48XQx5vDUwN4pgZtnwNB,post-teen pop,10.0
3goJtMitsK58MjjhvH5mZ4,modern alternative rock,1.0
2o8tDN1hRM2X68vU8phhuz,puerto rican rock,2.0
0bhOI5XR7SAMcWMbz42jYV,geek rock,1.0
5KOK4gDWkGJqEZPLlIjjVP,swedish melodic rock,1.0
5x3sQN5PeRTFS66oO0W6o4,canadian rock,1.0
3STI22ypPLyBb4xSr8JLsY,canzone d'autore,1.0
4GqXjofQ8uvjNSnVOAuDRa,rap conciencia,2.0
53ejxYQPmCy9DvZh7mIM9N,north carolina hip hop,3.0
3mMgatTDrS94GK8n17GNWD,operatic pop,1.0
1qZlUeajRvuOA97OpHVOnr,mexican indie,1.0
1qHnvbxuAAytSHMj7oRzII,nederpop,1.0
7gGuSQdslY1pyYLjbFpej2,old school hip hop,4.0
1Rx3GQgbdEPGqLF7X3pgYb,deep adult standards,1.0
3Edz21Es2swHyLfGu38wyb,rare groove,2.0
5qXkKTcA6zeKR8amCVCr6h,sophisti-pop,2.0
6CXYqXlHisc0zJduHIV8qG,meme rap,5.0
6kUqKYZMpC9Yr6FSjvQGDu,chamber pop,1.0
0Mvqvff6EFGGdwvpf8bkb0,electronica argentina,2.0
34G9q3Gq80UHrDyNESJzVT,arkansas country,2.0
53hqDFCecfyGoTbT7fWH5M,10,391.0
70qybbtHKijqvoA3NsaT6v,20,218.0
3YTbYyt5KXK82BNeWBEyBq,70,143.0
2c2duDHpU7zJioF0qriMs2,60,94.0
6ej2Q2YPJLmyg95hNa0zUk,80,126.0
2FtEKpynC3BPQF3UWdM1dx,90,161.0
422CuGDMijKaoM4uaN4G2O,50,19.0
0C9eThnB3OUi27OcdAZOWx,00,220.0
6zauDGSaPTyVbStGb3YhLI,40,1.0
0sjdYgKdwAN7vnvhWRZY5i,30,1.0
0mkZLWBz3djmmOE9p6wFGj,marching band,1.0
1sPyIYsPY8BcmrwDA7QOlc,NoGenre,67.0
6dXfNATpag99phczm3yWUC,canadian hip hop,6.0
5AgMIonY4lnIWaYcrtSlJR,toronto rap,6.0
7zGcGPjVJUbPolmtZVOFCj,dembow,1.0
479u73mvcHr880UqQa1h7I,wonky,1.0
5krFtRRIpX4eocTWc3y5bV,dominican pop,1.0
0wyivX2FrdOQtGdQHyVf8F,slap house,3.0
328kQjzM7FZnr57AveDtfv,boom bap,1.0
6dDBAMevBNhGSRSgyuEf2p,ballroom,1.0
3Yh1rFKpCfhBYghV9oUhHK,trap queen,1.0
4Xk24QL5VHaJdSSYb6kJMj,reggaeton colombiano,2.0
2c6Ed9Ko1o7SRwciQ5WhJn,houston rap,1.0
7vrI88GsScVweeYI17lyTb,canadian contemporary r&b,2.0
72Gyqx2SvRYsrjzCTCqoYZ,rap dominicano,1.0
2XJZ2oS1pByL6HQcseJHs2,indie hip hop,2.0
0AHMrRqQIYoUOkT4yJE6cD,acid jazz,2.0
6sYXhkEt4WRxltNlQUV3Fg,indiana hip hop,1.0
5t3rEKNKcp1kOb4a1SvV64,dutch experimental,1.0
7jsTj029uQ7oA8HY9XyxVJ,modern hard rock,1.0
7KcIIQ2gN6jk1QCCWSp0mU,modern funk,2.0
5L4DJrykGKrgQqbFHmvmO2,argentine alternative rock,1.0
4tfnBky9jP5eZPmrGZP5xq,r&b en espanol,6.0
2vBqQgLHfNTnheYesLCVA4,argentine telepop,2.0
685kvrelucEAZClOmlpNHa,rock uruguayo,2.0
3kulVUqikN6Ajbep2tFZwA,Ramones,34.0
2bR7NwpJz1iGe5mgDl0U5V,Los Piojos,15.0
0uBber3l1lZaVmB4c2kzRT,Bizarrap,13.0
607uLN5DbsQD0W0iOaT5D0,WOS,10.0
2mlGPpR432PdGEIAait3bm,Eminem,52.0
4O3t7bUFNgUl9wv60gRKbj,"Tyler, The Creator",27.0
25bAO14o29NoHwj1ucbqTf,ABBA,10.0
5msFRobmMflWZn5oV5tdyO,Kendrick Lamar,14.0
4hLTtl6J5xookAoMmo1I4e,Bo Burnham,24.0
6gtyIUYn7g0REWwukofTXy,Wolfgang Amadeus Mozart,11.0
6liKR9V1wh4S64PArQUY3m,The Rolling Stones,10.0
5nRPwd3i33NVdKBGeOElfp,The Beatles,11.0
7FtxRbLfF5YEvl3toATM8P,League of Legends,16.0
0rBoTnsTWOSlQyHwgBL2Rg,Michael Giacchino,16.0
3R20KTp7jtRL3fXYxoi0Ha,The Notorious B.I.G.,13.0
3JzhajzuqlJ4fLY5bVJpyi,The Kinks,20.0
1g3tyVjffk5oyYpFsUDSBo,Billy Joel,15.0
3CQKjXPqcyk5zsmwWPEAxI,Divididos,6.0
1ILOL1PlrJxSc92wSECole,Charly García,6.0
25ub7qYp28lzTbkdYT59oq,Dua Lipa,10.0
0XixaQFEyGZQzBhNzggcM4,Queen,12.0
0V80OhsLhS83ScZH5N5IE6,David Bowie,8.0
1hrECo8R0nwGJVAiD0BsXP,Jimi Hendrix,9.0
5n878Tk5RDjjXOzZ9VYlGd,Ariana Grande,5.0
7Ha2jvHGjQyMjbOQKUYxb2,Ramin Djawadi,5.0
61LlaoxYJOBo35brj7wRUp,Ice Cube,9.0
16coyr5l9A8Jtkmj7FmAji,Metallica,5.0
144AbCY3sTvdZn2SfMepqZ,Mötley Crüe,5.0
6P2QaYeywR1ryjauI7FMA3,Over the Garden Wall,7.0
18m5kO7NrR6cFPqnAxZZXm,Elton John,5.0
3TeVCYzYDJFCJRx1PJHQfb,Michael Jackson,8.0
4n2oHxYdW3qooIZp2W8Ag5,The Beach Boys,10.0
3VZhptOVNXPcVoWNnSC9VT,Leslie Odom Jr.,7.0
7lGxNAwsuA6Mzmclkp7dvS,Rick James,5.0
79MmIy1RZ1LDuANcfYT6sA,Hans Zimmer,9.0
121Mkxf2UerqdG8RCNuFnj,Dr. Dre,10.0
0ZmQwpNwbRr6DvUepvLysZ,Electric Light Orchestra,6.0
2zdo3BNWWrqs7a4yZu6mRp,Sia,6.0
3HWNGayJdoyKA7Dho6sfND,Ciro y los Persas,8.0
24mHRP3bHNvMuPkt3PbF2p,Childish Gambino,13.0
3PXJDl9XWfHdtXSuWq0uzi,El Kuelgue,5.0
5FrcvIjfl5AwTnB3iUfuCJ,Chet Baker,7.0
2Z8vUU9ON9Bwax9v1wEKZ9,Frank Sinatra,8.0
4qgWAxai8br0ptdj7XhqWk,The Greatest Bits,5.0
1245FkyLHh22pGAviQbt0i,Pentakill,7.0
3rzaOcnObQfbkv5dhMqhl1,Logic,5.0
0H8jDbyUKR5Atlur0RgCh8,John Williams,6.0
1575Ui6HwwouwSxtOTypdj,AC/DC,8.0
3UNZwzHEVajJkV43hb7MFr,ROSALÍA,5.0
1NJJ1kdHBjuAuMS1iTW08Y,Bruno Mars,7.0
3cUPWMp3T7kJX3MwVbCPdW,Duke Ellington,5.0
4nol6f61DFt3Qe9ZTWhxFU,J,9.0
1P2zvGYRKD3bgi18tIvvHi,R,3.0
0lak4UUJN6EQWN0QOs6MfE,Imagine Dragons,7.0
64FHbgmudIzAvvEpy5wQ2r,Frédéric Chopin,6.0
00dM9pJhoy3QHRkuM20cKi,Maroon 5,5.0
5FtkhHU897lfqDe8OCsG0i,Dusty Springfield,5.0
1imqgFatOhf0kWsg30wHJZ,turntablism,4.0
1W5gkjTxa4GVDGD8IU2jnF,indie jazz,1.0
6avA6lrz5IRqDTmGp2BBcj,anime score,1.0
6NEdlwCgouLWzzGH8CNtsV,chillhop,1.0
62NaT4aJae5zG2B8PKWxVT,jazz rap,11.0
0ChKdpsEg3HVodSZpkSvJF,psychedelic hip hop,1.0
3PhQBBCtcq3R0GtmAAu2Lu,sad rap,3.0
2OIOCHU1flUTAVEEXDuBbu,chill r&b,3.0
1fytPH5QMP1PCgq4LG1pf2,bronx hip hop,2.0
00HysPFh8zNQ13hHJ7Rnn6,man's orchestra,2.0
4HuMeC3dFEyJQgOpdBmlYQ,exotica,1.0
6ItXeqZrG6IjLVAbeaUkYn,czech classical,1.0
3BkLg9YBkgORoMrqSNi4iW,gen z singer-songwriter,1.0
1VqnmXewS3ROcFHJYGQqoe,french jazz,1.0
1UwwxDjzrFbd5nKeTRk6Kc,light music,1.0
3anSnzVbuyKbnt8M1OQV00,lo-fi rap,2.0
6PKHkDeeG3fohfntSyfjiv,barbadian pop,1.0
19B3lFl1t42MnzbtIGmVFy,lo-fi vgm,1.0
2eQW1Mfd8cxy0gPNjYF94H,indie poptimism,1.0
2iPFQtPLtBHiXAMLul8bZf,electro swing,1.0
5DJe94rfgBD0RzgLONZxgo,dirty south rap,4.0
7FEzAeNsXi1skCKEbaBIUW,brooklyn drill,1.0
45WXjSlJnMjIm152VMxgTT,tropical,1.0
4IvfYns15BQyirKfmlvAQo,salsa,1.0
3iYdYfUsMm30kjX4l0SPKX,old school atlanta hip hop,4.0
0KI5RU7V3NhXOnEzzkwZc6,italian lounge,1.0
2E81UyeHNNve2odwAPgW5d,neo mellow,1.0
01A0E1fv3AgSNxN9Jofr9Z,modern blues,0.0
2MuPZu7o2Kpvf87aNyJ2kb,dance-punk,2.0
1rwc24EO0fXjzUqwv9gAtr,no wave,2.0
1XrlstFCkCr3hMLjBMHKC0,atl trap,0.0
4rAUDfVDsI468wXHfY02B2,ska punk,0.0
4PMso8iPEJbGL4CM6fGnhV,drift phonk,1.0
57Aa2fHKffDkl98VUcNAzX,art pop,2.0
6O5x4uKGtiPrxhv0DAJTub,norwegian pop,2.0
4FQ2iw8jOABFMVLGXtZjiV,A$AP Rocky,5.0
